pool,mint,peak,hours,events,at
7fEaYHvoLdH1bn9SMjMKadNYYWTQptCnGtwBktmjnEDh,9HzabrW4pqsLqPmQcd1F7QZV74WD8vFXCr48VXe5pump,10564333,1,0,1790876448
7bmfKzPmcrdGpvKEZh2YmMdENfkFeAGKjf7ZbAnJ6cHV,Cm2WNh5nZzvrYDHswDnRVGuH5mV3hdPWa6A3TwHzpump,17007,0,0,1790876448
FCvJZtf1ruYLDXtmFo2yE6ADrgGqVj2HqZMfw9Z3kewF,HXp4TQ6iytx2NiW43EUf8PyRmzDhAG2TgjoTgdPopump,76373,0,0,1790876448
32iR5vycKLA5UccspXVRhxaF8dSYosWMDbEa99DcmUHU,EQjuM3T87Kq7fys2UcMrDSuk2gSCxjbJ6cQPtuhZpump,72172,0,0,1790876448
G89twEM8y6QGMtTFmnFGtrHkeZeBbRyfj3m9kzxnRK1A,Rs3GUe1DfkpMbFiWYoCCqf6wPxt5ANFoxBpaRGrpump,191603,0,0,1790876448
4i7WiMf5rKmWM1y9AFwV6EXe3c9KxpQJKhozdKJHEw9j,HZwoVEDmoP37mmKcTWWi6GwiFtd3zTT6Tg1VSfBHpump,72674,0,0,1790876448
Hd4bhgM4VsKZsiSATd2pb6vtVthke5uriJj5WUcxJKuq,7CSDt8g3mjyoBZwwj3AuLVj1b7hJrbG8N96JMQ2spump,43864,0,0,1790876448
EVKaGQzB46GCpf6f8bF3qpJZBRMBE6NqSVFVjYzB5xM8,AwTxKRVQC7deRv811ookbXNpUSygCbN94cdBZzLGpump,179089,0,0,1790876448
6P2eCX8FkLM6tsqSWuTNTDGqSjTra8KNzCPCNpZ1eGJF,68szWXWAJDgfsRbXsJSNKsthKD9i5jiHurWSRiGspump,4768,0,0,1790876448
6q7k3SxRrmhNsUgHr4dtfEGL5rCvGwtXHRF78ToxagDy,GasMJApNva9p64ELPDQrQk9SWhvGhfTrH7AofZJNpump,490,0,0,1790876448
9PjrMCoffvUHuanQkLXzmTTFgHE1SBcVACr53fFjvjrh,AcWpx2TgsZG7ie3LK61YGwF4oFv66BC5MyiG1Amwpump,41,0,0,1790876448
FcXBDhwEUTWk2MP8w49wgc4tsbPM6JSVYFDLzBhWqkca,h5zonRoHtiipAwPTcUNTGWKzpayLRJTdv1eNT5Zpump,45935,0,0,1790876448
8am7bF6sVwawmEERUBmg23Huf6DWBC9HUwwFhmPmo4q7,2Q55pF6HL1tcGqTU4oTpsYsVL8GYbBZGoBB9ntDopump,42673,0,0,1790876448
CMFSvTnJvjKdfZ3937sJasTNyiyKFj4uxZT1w6cFhU9i,13V1TsoLjvF8WHzik36H3UBTtthWKsV6VAcnpAskpump,243793349,2,0,1790876448
HKkg7BrPD8iLL4PWQQXdFPFR41tgNMYwvc4NDom5qEzR,nHHqkLWWkBeVpnzAsKGR9PXZ2LvMq5Tk9DAdaLDpump,81638,0,0,1790876448
F7H6mzTVGeBJhMfcKTJEVPCrgoAjUKcENXAuuPdeseeu,AJYD1H3hpCqrcEF5Hm1CGQ2BHhyvdgqSwArEYct4pump,51546,0,0,1790876448
9CEsm8WeTEGTXXZFAGRT8AtHnMsBWe7GLhe1Ad5oiqE8,7cjgm5zesELy9gAYP1faWz3Z7QPtMxTJo9bDhvxfpump,71012,0,0,1790876448
HLmxGYHsSYC3NragzKwNvjFhp289tHc75BiP8rMKz4wS,H8k6Bo7L6QbYnGYaoex99zzJjet4q5ReBP4y63x5pump,127689,0,0,1790876448
CcPrhLFFAJbBBJPTxD9wSXH5dm2zKjNcWHtd2A3GCS1h,2yjxjYqLnFx9CNHMeq1hxCfs1deWZoYgAUd2E8B5pump,261,0,0,1790876448
FAuG1wCrsLFQZcdKYcCHLh5WTboQQPWHM4iy2Jf38GqU,JwhAFqg2BAVRU18u6oDPPWfqv5UooKQ2Ftg7ttRpump,420782,3,0,1790876448
CpDuNpiRiqRofBoAayseK3UcPHvabDKosUbfppCKX6Jh,fiQL6LrjvbLJp69NCkQNQ1QrDhAAeUHrHMP7RWspump,10085914,15,0,1790876448
aFSCpvRr3pEf8f6nEHc8bDaEKYBoCFjf7ejYAJZQBFt,4qTq5UEdF3cforcPTEq13gpTd6VcB641hsLLoGnkpump,224893,3,0,1790876448
FwT7S4Cg7FXGbxYoX6yBkXgdXyzzAai4RqADN4mgXDX5,jL1SNTqzvKfisiZ3sebzvEap1r8W6fy7P2rau93pump,78150,0,0,1790876448
BPXebD4p7CS5zt9iyJpr5ZFKYpEwgQjLvBeVZpXrpLDc,bWktFeEiKLp77ozuJTN8QmekcTEpWNLLjpiFadUpump,803717,13,0,1790876448
DNS1283CLMk622xjm7AFSQebnebsR2TMyea5xJ2vPTTc,ArRNsAexo5mGRCbSKGHMXmVuPvLeG4SwS579hwbTpump,26,0,0,1790876448
4TMiPcQW6ixwAVL1XRLzMhZTwfFX4136EpxAJ8jvSQNa,CQgJbKsn9fMs8Zxmjv1gz1PzttDY2zjAnqsohW1Lpump,476822,3,0,1790876448
5nXQdVnKQ3ikRPdnXSGV7i91D9U5jkotDXMDtQ5DPcEe,9C1TYPk8WCauv458nCQb1QBvVP2rNQq6CjDHXfbipump,49027,0,0,1790876448
DQ1qGSopiAQyMmjXVeNHws8PpXF1ovvviEkWGbcBaWT5,8bVddviz86xT7seHtcTzztq3bd6i6xEnxMDbb2JPpump,142,0,0,1790876448
GYwCeiGuVVsWjL5jh6DYnn5rbBVHFUV7zgafSdhXgWVx,H5XdzmWtqp5352mvkJAR2stta5Db7AygBK1WcPKpump,47618,0,0,1790876448
BMy2r41GPR9jv8vFNZV7UyHXFurpNPSZXSTAfpzsjZie,DKf9MZSfCkMM2SvJGPYoc2HGbrgfg435ev21wN8ipump,63454,0,0,1790876448
9qKuHF68KDxxcJdF32XWUk312PS1KFCXTaNZvRTYFZL,DCDQBmZM9HYcfqDj8PQXzEQxvEtmWSKmAFWScKcxpump,98559,0,0,1790876448
2RVc3oxtoLUGeeX88MTKVgNtKJj5g5x4FaBSxiHWxUtA,E7zXZeeb72c7bCCJyDHB8jfHC7nVdu7XWNJ8CGBypump,97544,0,0,1790876448
HCcB3Myi5mnUdm3sd4keJs9KFSXVDG1Ry4DXLSDgFUAq,F77eKM7rMyYikupTPHNJN5HUHTG75uivjkm8CpP2pump,83850,0,0,1790876448
34AgH5n9fF2ADDZSeGPwPLCt7vYKo2N7U3f2irrSJFL6,GS1xVD3xPFQcATayQeN53ALoC5CEpEUGhyGjtrvQpump,276011,12,0,1790876448
EeqWdyNZKGpof6Sh6MfF2hirA5Gv2tbYgDh4oyheErtY,5XyLVfSF3ys4QAacVqdufTN9vA5N9xPvvKi8sLDfpump,186540,0,0,1790876448
GWzi3HajuYx2QeW9o9Ak1CWfeaJP7CU9nBWtH3acXa3S,8ewsG5c1aFLLgCH37ZHTWy7N7gcEauHKPKfSYAnApump,226178,1,0,1790876448
7MNMYu5brTb6SE1gPbv97Yi1xKJwpDuWSxTZGBAogn6k,AP39ZQy4Smq5Tg65NW41ugvtirQFwSJBDvrmdTsQpump,26456079,37,35,1790876448
