mint,variant,exit,entry_ts,entry_mc,days_obs,touched_x,realized,exited,days_held,peak_x,days_to_peak
AP39ZQy4Smq5Tg65NW41ugvtirQFwSJBDvrmdTsQpump,dd70_mc150k_72h_base,tuya,1788400800,2735,28.7,1.048,1.0255,False,18,1.048,1
AP39ZQy4Smq5Tg65NW41ugvtirQFwSJBDvrmdTsQpump,dd70_mc150k_72h_base,solo_stop,1788400800,2735,28.7,1.048,1.0255,False,18,1.048,1
AP39ZQy4Smq5Tg65NW41ugvtirQFwSJBDvrmdTsQpump,dd70_mc150k_72h_base,trailing,1788400800,2735,28.7,1.048,1.0255,False,18,1.048,1
AP39ZQy4Smq5Tg65NW41ugvtirQFwSJBDvrmdTsQpump,dd70_mc150k_72h_base,escalonada,1788400800,2735,28.7,1.048,1.0255,False,18,1.048,1
AP39ZQy4Smq5Tg65NW41ugvtirQFwSJBDvrmdTsQpump,dd70_mc150k_72h_base,estructura,1788400800,2735,28.7,1.048,1.0255,False,18,1.048,1
AP39ZQy4Smq5Tg65NW41ugvtirQFwSJBDvrmdTsQpump,dd70_mc50k_72h_base,tuya,1788400800,2735,28.7,1.048,1.0255,False,18,1.048,1
AP39ZQy4Smq5Tg65NW41ugvtirQFwSJBDvrmdTsQpump,dd70_mc50k_72h_base,solo_stop,1788400800,2735,28.7,1.048,1.0255,False,18,1.048,1
AP39ZQy4Smq5Tg65NW41ugvtirQFwSJBDvrmdTsQpump,dd70_mc50k_72h_base,trailing,1788400800,2735,28.7,1.048,1.0255,False,18,1.048,1
AP39ZQy4Smq5Tg65NW41ugvtirQFwSJBDvrmdTsQpump,dd70_mc50k_72h_base,escalonada,1788400800,2735,28.7,1.048,1.0255,False,18,1.048,1
AP39ZQy4Smq5Tg65NW41ugvtirQFwSJBDvrmdTsQpump,dd70_mc50k_72h_base,estructura,1788400800,2735,28.7,1.048,1.0255,False,18,1.048,1
AP39ZQy4Smq5Tg65NW41ugvtirQFwSJBDvrmdTsQpump,dd85_mc150k_72h_base,tuya,1788400800,2735,28.7,1.048,1.0255,False,18,1.048,1
AP39ZQy4Smq5Tg65NW41ugvtirQFwSJBDvrmdTsQpump,dd85_mc150k_72h_base,solo_stop,1788400800,2735,28.7,1.048,1.0255,False,18,1.048,1
AP39ZQy4Smq5Tg65NW41ugvtirQFwSJBDvrmdTsQpump,dd85_mc150k_72h_base,trailing,1788400800,2735,28.7,1.048,1.0255,False,18,1.048,1
AP39ZQy4Smq5Tg65NW41ugvtirQFwSJBDvrmdTsQpump,dd85_mc150k_72h_base,escalonada,1788400800,2735,28.7,1.048,1.0255,False,18,1.048,1
AP39ZQy4Smq5Tg65NW41ugvtirQFwSJBDvrmdTsQpump,dd85_mc150k_72h_base,estructura,1788400800,2735,28.7,1.048,1.0255,False,18,1.048,1
AP39ZQy4Smq5Tg65NW41ugvtirQFwSJBDvrmdTsQpump,dd85_mc50k_72h_base,tuya,1788400800,2735,28.7,1.048,1.0255,False,18,1.048,1
AP39ZQy4Smq5Tg65NW41ugvtirQFwSJBDvrmdTsQpump,dd85_mc50k_72h_base,solo_stop,1788400800,2735,28.7,1.048,1.0255,False,18,1.048,1
AP39ZQy4Smq5Tg65NW41ugvtirQFwSJBDvrmdTsQpump,dd85_mc50k_72h_base,trailing,1788400800,2735,28.7,1.048,1.0255,False,18,1.048,1
AP39ZQy4Smq5Tg65NW41ugvtirQFwSJBDvrmdTsQpump,dd85_mc50k_72h_base,escalonada,1788400800,2735,28.7,1.048,1.0255,False,18,1.048,1
AP39ZQy4Smq5Tg65NW41ugvtirQFwSJBDvrmdTsQpump,dd85_mc50k_72h_base,estructura,1788400800,2735,28.7,1.048,1.0255,False,18,1.048,1
AP39ZQy4Smq5Tg65NW41ugvtirQFwSJBDvrmdTsQpump,REF_dd70_mc150k_sin_base,tuya,1788400800,2735,28.7,1.048,1.0255,False,18,1.048,1
AP39ZQy4Smq5Tg65NW41ugvtirQFwSJBDvrmdTsQpump,REF_dd70_mc150k_sin_base,solo_stop,1788400800,2735,28.7,1.048,1.0255,False,18,1.048,1
AP39ZQy4Smq5Tg65NW41ugvtirQFwSJBDvrmdTsQpump,REF_dd70_mc150k_sin_base,trailing,1788400800,2735,28.7,1.048,1.0255,False,18,1.048,1
AP39ZQy4Smq5Tg65NW41ugvtirQFwSJBDvrmdTsQpump,REF_dd70_mc150k_sin_base,escalonada,1788400800,2735,28.7,1.048,1.0255,False,18,1.048,1
AP39ZQy4Smq5Tg65NW41ugvtirQFwSJBDvrmdTsQpump,REF_dd70_mc150k_sin_base,estructura,1788400800,2735,28.7,1.048,1.0255,False,18,1.048,1
AP39ZQy4Smq5Tg65NW41ugvtirQFwSJBDvrmdTsQpump,REF_dd85_mc150k_sin_base,tuya,1788400800,2735,28.7,1.048,1.0255,False,18,1.048,1
AP39ZQy4Smq5Tg65NW41ugvtirQFwSJBDvrmdTsQpump,REF_dd85_mc150k_sin_base,solo_stop,1788400800,2735,28.7,1.048,1.0255,False,18,1.048,1
AP39ZQy4Smq5Tg65NW41ugvtirQFwSJBDvrmdTsQpump,REF_dd85_mc150k_sin_base,trailing,1788400800,2735,28.7,1.048,1.0255,False,18,1.048,1
AP39ZQy4Smq5Tg65NW41ugvtirQFwSJBDvrmdTsQpump,REF_dd85_mc150k_sin_base,escalonada,1788400800,2735,28.7,1.048,1.0255,False,18,1.048,1
AP39ZQy4Smq5Tg65NW41ugvtirQFwSJBDvrmdTsQpump,REF_dd85_mc150k_sin_base,estructura,1788400800,2735,28.7,1.048,1.0255,False,18,1.048,1
AP39ZQy4Smq5Tg65NW41ugvtirQFwSJBDvrmdTsQpump,TIPO_SOAP_pico200k_dd75_mc50k_72h_base,tuya,1788400800,2735,28.7,1.048,1.0255,False,18,1.048,1
AP39ZQy4Smq5Tg65NW41ugvtirQFwSJBDvrmdTsQpump,TIPO_SOAP_pico200k_dd75_mc50k_72h_base,solo_stop,1788400800,2735,28.7,1.048,1.0255,False,18,1.048,1
AP39ZQy4Smq5Tg65NW41ugvtirQFwSJBDvrmdTsQpump,TIPO_SOAP_pico200k_dd75_mc50k_72h_base,trailing,1788400800,2735,28.7,1.048,1.0255,False,18,1.048,1
AP39ZQy4Smq5Tg65NW41ugvtirQFwSJBDvrmdTsQpump,TIPO_SOAP_pico200k_dd75_mc50k_72h_base,escalonada,1788400800,2735,28.7,1.048,1.0255,False,18,1.048,1
AP39ZQy4Smq5Tg65NW41ugvtirQFwSJBDvrmdTsQpump,TIPO_SOAP_pico200k_dd75_mc50k_72h_base,estructura,1788400800,2735,28.7,1.048,1.0255,False,18,1.048,1
mxey3nTKBsqa6fQYC7g8RrVM36UT9XJGUCT8ur5pump,REF_dd70_mc150k_sin_base,tuya,1787378400,1683,40.5,1.196,0.9521,True,1,1.0,0
mxey3nTKBsqa6fQYC7g8RrVM36UT9XJGUCT8ur5pump,REF_dd70_mc150k_sin_base,solo_stop,1787378400,1683,40.5,1.196,0.9521,True,1,1.0,0
mxey3nTKBsqa6fQYC7g8RrVM36UT9XJGUCT8ur5pump,REF_dd70_mc150k_sin_base,trailing,1787378400,1683,40.5,1.196,0.9521,True,1,1.0,0
mxey3nTKBsqa6fQYC7g8RrVM36UT9XJGUCT8ur5pump,REF_dd70_mc150k_sin_base,escalonada,1787378400,1683,40.5,1.196,0.9521,True,1,1.0,0
mxey3nTKBsqa6fQYC7g8RrVM36UT9XJGUCT8ur5pump,REF_dd70_mc150k_sin_base,estructura,1787378400,1683,40.5,1.196,1.1965,False,40,1.196,40
mxey3nTKBsqa6fQYC7g8RrVM36UT9XJGUCT8ur5pump,REF_dd85_mc150k_sin_base,tuya,1787378400,1683,40.5,1.196,0.9521,True,1,1.0,0
mxey3nTKBsqa6fQYC7g8RrVM36UT9XJGUCT8ur5pump,REF_dd85_mc150k_sin_base,solo_stop,1787378400,1683,40.5,1.196,0.9521,True,1,1.0,0
mxey3nTKBsqa6fQYC7g8RrVM36UT9XJGUCT8ur5pump,REF_dd85_mc150k_sin_base,trailing,1787378400,1683,40.5,1.196,0.9521,True,1,1.0,0
mxey3nTKBsqa6fQYC7g8RrVM36UT9XJGUCT8ur5pump,REF_dd85_mc150k_sin_base,escalonada,1787378400,1683,40.5,1.196,0.9521,True,1,1.0,0
mxey3nTKBsqa6fQYC7g8RrVM36UT9XJGUCT8ur5pump,REF_dd85_mc150k_sin_base,estructura,1787378400,1683,40.5,1.196,1.1965,False,40,1.196,40
w9Wxuw6imA8aucYPiGivoHeXtLyTZWUAfSz3sZUpump,REF_dd70_mc150k_sin_base,tuya,1789588800,1764,14.9,1.211,1.2112,False,10,1.211,10
w9Wxuw6imA8aucYPiGivoHeXtLyTZWUAfSz3sZUpump,REF_dd70_mc150k_sin_base,solo_stop,1789588800,1764,14.9,1.211,1.2112,False,10,1.211,10
w9Wxuw6imA8aucYPiGivoHeXtLyTZWUAfSz3sZUpump,REF_dd70_mc150k_sin_base,trailing,1789588800,1764,14.9,1.211,1.2112,False,10,1.211,10
w9Wxuw6imA8aucYPiGivoHeXtLyTZWUAfSz3sZUpump,REF_dd70_mc150k_sin_base,escalonada,1789588800,1764,14.9,1.211,1.2112,False,10,1.211,10
w9Wxuw6imA8aucYPiGivoHeXtLyTZWUAfSz3sZUpump,REF_dd70_mc150k_sin_base,estructura,1789588800,1764,14.9,1.211,1.2112,False,10,1.211,10
w9Wxuw6imA8aucYPiGivoHeXtLyTZWUAfSz3sZUpump,REF_dd85_mc150k_sin_base,tuya,1789588800,1764,14.9,1.211,1.2112,False,10,1.211,10
w9Wxuw6imA8aucYPiGivoHeXtLyTZWUAfSz3sZUpump,REF_dd85_mc150k_sin_base,solo_stop,1789588800,1764,14.9,1.211,1.2112,False,10,1.211,10
w9Wxuw6imA8aucYPiGivoHeXtLyTZWUAfSz3sZUpump,REF_dd85_mc150k_sin_base,trailing,1789588800,1764,14.9,1.211,1.2112,False,10,1.211,10
w9Wxuw6imA8aucYPiGivoHeXtLyTZWUAfSz3sZUpump,REF_dd85_mc150k_sin_base,escalonada,1789588800,1764,14.9,1.211,1.2112,False,10,1.211,10
w9Wxuw6imA8aucYPiGivoHeXtLyTZWUAfSz3sZUpump,REF_dd85_mc150k_sin_base,estructura,1789588800,1764,14.9,1.211,1.2112,False,10,1.211,10
5TYJAznkByo1bSnS5B1iTNw1iyBFd5FLRLYLq4kpump,REF_dd70_mc150k_sin_base,tuya,1787076000,1363,44.0,1.382,1.3045,False,16,1.382,12
5TYJAznkByo1bSnS5B1iTNw1iyBFd5FLRLYLq4kpump,REF_dd70_mc150k_sin_base,solo_stop,1787076000,1363,44.0,1.382,1.3045,False,16,1.382,12
5TYJAznkByo1bSnS5B1iTNw1iyBFd5FLRLYLq4kpump,REF_dd70_mc150k_sin_base,trailing,1787076000,1363,44.0,1.382,1.3045,False,16,1.382,12
5TYJAznkByo1bSnS5B1iTNw1iyBFd5FLRLYLq4kpump,REF_dd70_mc150k_sin_base,escalonada,1787076000,1363,44.0,1.382,1.3045,False,16,1.382,12
5TYJAznkByo1bSnS5B1iTNw1iyBFd5FLRLYLq4kpump,REF_dd70_mc150k_sin_base,estructura,1787076000,1363,44.0,1.382,1.3045,False,16,1.382,12
5TYJAznkByo1bSnS5B1iTNw1iyBFd5FLRLYLq4kpump,REF_dd85_mc150k_sin_base,tuya,1787076000,1363,44.0,1.382,1.3045,False,16,1.382,12
5TYJAznkByo1bSnS5B1iTNw1iyBFd5FLRLYLq4kpump,REF_dd85_mc150k_sin_base,solo_stop,1787076000,1363,44.0,1.382,1.3045,False,16,1.382,12
5TYJAznkByo1bSnS5B1iTNw1iyBFd5FLRLYLq4kpump,REF_dd85_mc150k_sin_base,trailing,1787076000,1363,44.0,1.382,1.3045,False,16,1.382,12
5TYJAznkByo1bSnS5B1iTNw1iyBFd5FLRLYLq4kpump,REF_dd85_mc150k_sin_base,escalonada,1787076000,1363,44.0,1.382,1.3045,False,16,1.382,12
5TYJAznkByo1bSnS5B1iTNw1iyBFd5FLRLYLq4kpump,REF_dd85_mc150k_sin_base,estructura,1787076000,1363,44.0,1.382,1.3045,False,16,1.382,12
C3RfugybjxYDsJDYtooFf5WU5p5Mrhc6Q1xR2QGJpump,dd70_mc150k_72h_base,tuya,1787961600,8225,33.8,1.53,0.8691,True,1,1.035,1
C3RfugybjxYDsJDYtooFf5WU5p5Mrhc6Q1xR2QGJpump,dd70_mc150k_72h_base,solo_stop,1787961600,8225,33.8,1.53,0.8691,True,1,1.035,1
C3RfugybjxYDsJDYtooFf5WU5p5Mrhc6Q1xR2QGJpump,dd70_mc150k_72h_base,trailing,1787961600,8225,33.8,1.53,0.8691,True,1,1.035,1
C3RfugybjxYDsJDYtooFf5WU5p5Mrhc6Q1xR2QGJpump,dd70_mc150k_72h_base,escalonada,1787961600,8225,33.8,1.53,0.8691,True,1,1.035,1
C3RfugybjxYDsJDYtooFf5WU5p5Mrhc6Q1xR2QGJpump,dd70_mc150k_72h_base,estructura,1787961600,8225,33.8,1.53,0.5141,True,13,1.035,1
C3RfugybjxYDsJDYtooFf5WU5p5Mrhc6Q1xR2QGJpump,dd70_mc150k_72h_ruptura,tuya,1788030000,11862,33.0,1.061,0.6026,True,1,1.0,0
C3RfugybjxYDsJDYtooFf5WU5p5Mrhc6Q1xR2QGJpump,dd70_mc150k_72h_ruptura,solo_stop,1788030000,11862,33.0,1.061,0.6026,True,1,1.0,0
C3RfugybjxYDsJDYtooFf5WU5p5Mrhc6Q1xR2QGJpump,dd70_mc150k_72h_ruptura,trailing,1788030000,11862,33.0,1.061,0.6026,True,1,1.0,0
C3RfugybjxYDsJDYtooFf5WU5p5Mrhc6Q1xR2QGJpump,dd70_mc150k_72h_ruptura,escalonada,1788030000,11862,33.0,1.061,0.6026,True,1,1.0,0
C3RfugybjxYDsJDYtooFf5WU5p5Mrhc6Q1xR2QGJpump,dd70_mc150k_72h_ruptura,estructura,1788030000,11862,33.0,1.061,0.3564,True,13,1.0,0
C3RfugybjxYDsJDYtooFf5WU5p5Mrhc6Q1xR2QGJpump,dd70_mc150k_168h_base,tuya,1788724800,5025,24.9,1.329,0.9347,True,1,1.0,0
C3RfugybjxYDsJDYtooFf5WU5p5Mrhc6Q1xR2QGJpump,dd70_mc150k_168h_base,solo_stop,1788724800,5025,24.9,1.329,0.9347,True,1,1.0,0
C3RfugybjxYDsJDYtooFf5WU5p5Mrhc6Q1xR2QGJpump,dd70_mc150k_168h_base,trailing,1788724800,5025,24.9,1.329,0.9347,True,1,1.0,0
C3RfugybjxYDsJDYtooFf5WU5p5Mrhc6Q1xR2QGJpump,dd70_mc150k_168h_base,escalonada,1788724800,5025,24.9,1.329,0.9347,True,1,1.0,0
C3RfugybjxYDsJDYtooFf5WU5p5Mrhc6Q1xR2QGJpump,dd70_mc150k_168h_base,estructura,1788724800,5025,24.9,1.329,0.8414,True,5,1.0,0
C3RfugybjxYDsJDYtooFf5WU5p5Mrhc6Q1xR2QGJpump,dd70_mc150k_72h_acum,tuya,1789768800,5724,12.8,1.167,0.7016,True,5,1.167,1
C3RfugybjxYDsJDYtooFf5WU5p5Mrhc6Q1xR2QGJpump,dd70_mc150k_72h_acum,solo_stop,1789768800,5724,12.8,1.167,0.7016,True,5,1.167,1
C3RfugybjxYDsJDYtooFf5WU5p5Mrhc6Q1xR2QGJpump,dd70_mc150k_72h_acum,trailing,1789768800,5724,12.8,1.167,0.7016,True,5,1.167,1
C3RfugybjxYDsJDYtooFf5WU5p5Mrhc6Q1xR2QGJpump,dd70_mc150k_72h_acum,escalonada,1789768800,5724,12.8,1.167,0.7016,True,5,1.167,1
C3RfugybjxYDsJDYtooFf5WU5p5Mrhc6Q1xR2QGJpump,dd70_mc150k_72h_acum,estructura,1789768800,5724,12.8,1.167,0.6656,False,8,1.167,1
C3RfugybjxYDsJDYtooFf5WU5p5Mrhc6Q1xR2QGJpump,dd70_mc50k_72h_base,tuya,1787961600,8225,33.8,1.53,0.8691,True,1,1.035,1
C3RfugybjxYDsJDYtooFf5WU5p5Mrhc6Q1xR2QGJpump,dd70_mc50k_72h_base,solo_stop,1787961600,8225,33.8,1.53,0.8691,True,1,1.035,1
C3RfugybjxYDsJDYtooFf5WU5p5Mrhc6Q1xR2QGJpump,dd70_mc50k_72h_base,trailing,1787961600,8225,33.8,1.53,0.8691,True,1,1.035,1
C3RfugybjxYDsJDYtooFf5WU5p5Mrhc6Q1xR2QGJpump,dd70_mc50k_72h_base,escalonada,1787961600,8225,33.8,1.53,0.8691,True,1,1.035,1
C3RfugybjxYDsJDYtooFf5WU5p5Mrhc6Q1xR2QGJpump,dd70_mc50k_72h_base,estructura,1787961600,8225,33.8,1.53,0.5141,True,13,1.035,1
C3RfugybjxYDsJDYtooFf5WU5p5Mrhc6Q1xR2QGJpump,dd70_mc50k_72h_ruptura,tuya,1788030000,11862,33.0,1.061,0.6026,True,1,1.0,0
C3RfugybjxYDsJDYtooFf5WU5p5Mrhc6Q1xR2QGJpump,dd70_mc50k_72h_ruptura,solo_stop,1788030000,11862,33.0,1.061,0.6026,True,1,1.0,0
C3RfugybjxYDsJDYtooFf5WU5p5Mrhc6Q1xR2QGJpump,dd70_mc50k_72h_ruptura,trailing,1788030000,11862,33.0,1.061,0.6026,True,1,1.0,0
C3RfugybjxYDsJDYtooFf5WU5p5Mrhc6Q1xR2QGJpump,dd70_mc50k_72h_ruptura,escalonada,1788030000,11862,33.0,1.061,0.6026,True,1,1.0,0
C3RfugybjxYDsJDYtooFf5WU5p5Mrhc6Q1xR2QGJpump,dd70_mc50k_72h_ruptura,estructura,1788030000,11862,33.0,1.061,0.3564,True,13,1.0,0
C3RfugybjxYDsJDYtooFf5WU5p5Mrhc6Q1xR2QGJpump,dd70_mc50k_168h_base,tuya,1788724800,5025,24.9,1.329,0.9347,True,1,1.0,0
C3RfugybjxYDsJDYtooFf5WU5p5Mrhc6Q1xR2QGJpump,dd70_mc50k_168h_base,solo_stop,1788724800,5025,24.9,1.329,0.9347,True,1,1.0,0
C3RfugybjxYDsJDYtooFf5WU5p5Mrhc6Q1xR2QGJpump,dd70_mc50k_168h_base,trailing,1788724800,5025,24.9,1.329,0.9347,True,1,1.0,0
C3RfugybjxYDsJDYtooFf5WU5p5Mrhc6Q1xR2QGJpump,dd70_mc50k_168h_base,escalonada,1788724800,5025,24.9,1.329,0.9347,True,1,1.0,0
C3RfugybjxYDsJDYtooFf5WU5p5Mrhc6Q1xR2QGJpump,dd70_mc50k_168h_base,estructura,1788724800,5025,24.9,1.329,0.8414,True,5,1.0,0
C3RfugybjxYDsJDYtooFf5WU5p5Mrhc6Q1xR2QGJpump,dd70_mc50k_72h_acum,tuya,1789768800,5724,12.8,1.167,0.7016,True,5,1.167,1
C3RfugybjxYDsJDYtooFf5WU5p5Mrhc6Q1xR2QGJpump,dd70_mc50k_72h_acum,solo_stop,1789768800,5724,12.8,1.167,0.7016,True,5,1.167,1
C3RfugybjxYDsJDYtooFf5WU5p5Mrhc6Q1xR2QGJpump,dd70_mc50k_72h_acum,trailing,1789768800,5724,12.8,1.167,0.7016,True,5,1.167,1
C3RfugybjxYDsJDYtooFf5WU5p5Mrhc6Q1xR2QGJpump,dd70_mc50k_72h_acum,escalonada,1789768800,5724,12.8,1.167,0.7016,True,5,1.167,1
C3RfugybjxYDsJDYtooFf5WU5p5Mrhc6Q1xR2QGJpump,dd70_mc50k_72h_acum,estructura,1789768800,5724,12.8,1.167,0.6656,False,8,1.167,1
C3RfugybjxYDsJDYtooFf5WU5p5Mrhc6Q1xR2QGJpump,dd85_mc150k_72h_base,tuya,1787961600,8225,33.8,1.53,0.8691,True,1,1.035,1
C3RfugybjxYDsJDYtooFf5WU5p5Mrhc6Q1xR2QGJpump,dd85_mc150k_72h_base,solo_stop,1787961600,8225,33.8,1.53,0.8691,True,1,1.035,1
C3RfugybjxYDsJDYtooFf5WU5p5Mrhc6Q1xR2QGJpump,dd85_mc150k_72h_base,trailing,1787961600,8225,33.8,1.53,0.8691,True,1,1.035,1
C3RfugybjxYDsJDYtooFf5WU5p5Mrhc6Q1xR2QGJpump,dd85_mc150k_72h_base,escalonada,1787961600,8225,33.8,1.53,0.8691,True,1,1.035,1
C3RfugybjxYDsJDYtooFf5WU5p5Mrhc6Q1xR2QGJpump,dd85_mc150k_72h_base,estructura,1787961600,8225,33.8,1.53,0.5141,True,13,1.035,1
C3RfugybjxYDsJDYtooFf5WU5p5Mrhc6Q1xR2QGJpump,dd85_mc150k_72h_ruptura,tuya,1788030000,11862,33.0,1.061,0.6026,True,1,1.0,0
C3RfugybjxYDsJDYtooFf5WU5p5Mrhc6Q1xR2QGJpump,dd85_mc150k_72h_ruptura,solo_stop,1788030000,11862,33.0,1.061,0.6026,True,1,1.0,0
C3RfugybjxYDsJDYtooFf5WU5p5Mrhc6Q1xR2QGJpump,dd85_mc150k_72h_ruptura,trailing,1788030000,11862,33.0,1.061,0.6026,True,1,1.0,0
C3RfugybjxYDsJDYtooFf5WU5p5Mrhc6Q1xR2QGJpump,dd85_mc150k_72h_ruptura,escalonada,1788030000,11862,33.0,1.061,0.6026,True,1,1.0,0
C3RfugybjxYDsJDYtooFf5WU5p5Mrhc6Q1xR2QGJpump,dd85_mc150k_72h_ruptura,estructura,1788030000,11862,33.0,1.061,0.3564,True,13,1.0,0
C3RfugybjxYDsJDYtooFf5WU5p5Mrhc6Q1xR2QGJpump,dd85_mc150k_168h_base,tuya,1788724800,5025,24.9,1.329,0.9347,True,1,1.0,0
C3RfugybjxYDsJDYtooFf5WU5p5Mrhc6Q1xR2QGJpump,dd85_mc150k_168h_base,solo_stop,1788724800,5025,24.9,1.329,0.9347,True,1,1.0,0
C3RfugybjxYDsJDYtooFf5WU5p5Mrhc6Q1xR2QGJpump,dd85_mc150k_168h_base,trailing,1788724800,5025,24.9,1.329,0.9347,True,1,1.0,0
C3RfugybjxYDsJDYtooFf5WU5p5Mrhc6Q1xR2QGJpump,dd85_mc150k_168h_base,escalonada,1788724800,5025,24.9,1.329,0.9347,True,1,1.0,0
C3RfugybjxYDsJDYtooFf5WU5p5Mrhc6Q1xR2QGJpump,dd85_mc150k_168h_base,estructura,1788724800,5025,24.9,1.329,0.8414,True,5,1.0,0
C3RfugybjxYDsJDYtooFf5WU5p5Mrhc6Q1xR2QGJpump,dd85_mc150k_72h_acum,tuya,1789768800,5724,12.8,1.167,0.7016,True,5,1.167,1
C3RfugybjxYDsJDYtooFf5WU5p5Mrhc6Q1xR2QGJpump,dd85_mc150k_72h_acum,solo_stop,1789768800,5724,12.8,1.167,0.7016,True,5,1.167,1
C3RfugybjxYDsJDYtooFf5WU5p5Mrhc6Q1xR2QGJpump,dd85_mc150k_72h_acum,trailing,1789768800,5724,12.8,1.167,0.7016,True,5,1.167,1
C3RfugybjxYDsJDYtooFf5WU5p5Mrhc6Q1xR2QGJpump,dd85_mc150k_72h_acum,escalonada,1789768800,5724,12.8,1.167,0.7016,True,5,1.167,1
C3RfugybjxYDsJDYtooFf5WU5p5Mrhc6Q1xR2QGJpump,dd85_mc150k_72h_acum,estructura,1789768800,5724,12.8,1.167,0.6656,False,8,1.167,1
C3RfugybjxYDsJDYtooFf5WU5p5Mrhc6Q1xR2QGJpump,dd85_mc50k_72h_base,tuya,1787961600,8225,33.8,1.53,0.8691,True,1,1.035,1
C3RfugybjxYDsJDYtooFf5WU5p5Mrhc6Q1xR2QGJpump,dd85_mc50k_72h_base,solo_stop,1787961600,8225,33.8,1.53,0.8691,True,1,1.035,1
C3RfugybjxYDsJDYtooFf5WU5p5Mrhc6Q1xR2QGJpump,dd85_mc50k_72h_base,trailing,1787961600,8225,33.8,1.53,0.8691,True,1,1.035,1
C3RfugybjxYDsJDYtooFf5WU5p5Mrhc6Q1xR2QGJpump,dd85_mc50k_72h_base,escalonada,1787961600,8225,33.8,1.53,0.8691,True,1,1.035,1
C3RfugybjxYDsJDYtooFf5WU5p5Mrhc6Q1xR2QGJpump,dd85_mc50k_72h_base,estructura,1787961600,8225,33.8,1.53,0.5141,True,13,1.035,1
C3RfugybjxYDsJDYtooFf5WU5p5Mrhc6Q1xR2QGJpump,dd85_mc50k_72h_ruptura,tuya,1788030000,11862,33.0,1.061,0.6026,True,1,1.0,0
C3RfugybjxYDsJDYtooFf5WU5p5Mrhc6Q1xR2QGJpump,dd85_mc50k_72h_ruptura,solo_stop,1788030000,11862,33.0,1.061,0.6026,True,1,1.0,0
C3RfugybjxYDsJDYtooFf5WU5p5Mrhc6Q1xR2QGJpump,dd85_mc50k_72h_ruptura,trailing,1788030000,11862,33.0,1.061,0.6026,True,1,1.0,0
C3RfugybjxYDsJDYtooFf5WU5p5Mrhc6Q1xR2QGJpump,dd85_mc50k_72h_ruptura,escalonada,1788030000,11862,33.0,1.061,0.6026,True,1,1.0,0
C3RfugybjxYDsJDYtooFf5WU5p5Mrhc6Q1xR2QGJpump,dd85_mc50k_72h_ruptura,estructura,1788030000,11862,33.0,1.061,0.3564,True,13,1.0,0
C3RfugybjxYDsJDYtooFf5WU5p5Mrhc6Q1xR2QGJpump,dd85_mc50k_168h_base,tuya,1788724800,5025,24.9,1.329,0.9347,True,1,1.0,0
C3RfugybjxYDsJDYtooFf5WU5p5Mrhc6Q1xR2QGJpump,dd85_mc50k_168h_base,solo_stop,1788724800,5025,24.9,1.329,0.9347,True,1,1.0,0
C3RfugybjxYDsJDYtooFf5WU5p5Mrhc6Q1xR2QGJpump,dd85_mc50k_168h_base,trailing,1788724800,5025,24.9,1.329,0.9347,True,1,1.0,0
C3RfugybjxYDsJDYtooFf5WU5p5Mrhc6Q1xR2QGJpump,dd85_mc50k_168h_base,escalonada,1788724800,5025,24.9,1.329,0.9347,True,1,1.0,0
C3RfugybjxYDsJDYtooFf5WU5p5Mrhc6Q1xR2QGJpump,dd85_mc50k_168h_base,estructura,1788724800,5025,24.9,1.329,0.8414,True,5,1.0,0
C3RfugybjxYDsJDYtooFf5WU5p5Mrhc6Q1xR2QGJpump,dd85_mc50k_72h_acum,tuya,1789768800,5724,12.8,1.167,0.7016,True,5,1.167,1
C3RfugybjxYDsJDYtooFf5WU5p5Mrhc6Q1xR2QGJpump,dd85_mc50k_72h_acum,solo_stop,1789768800,5724,12.8,1.167,0.7016,True,5,1.167,1
C3RfugybjxYDsJDYtooFf5WU5p5Mrhc6Q1xR2QGJpump,dd85_mc50k_72h_acum,trailing,1789768800,5724,12.8,1.167,0.7016,True,5,1.167,1
C3RfugybjxYDsJDYtooFf5WU5p5Mrhc6Q1xR2QGJpump,dd85_mc50k_72h_acum,escalonada,1789768800,5724,12.8,1.167,0.7016,True,5,1.167,1
C3RfugybjxYDsJDYtooFf5WU5p5Mrhc6Q1xR2QGJpump,dd85_mc50k_72h_acum,estructura,1789768800,5724,12.8,1.167,0.6656,False,8,1.167,1
C3RfugybjxYDsJDYtooFf5WU5p5Mrhc6Q1xR2QGJpump,REF_dd70_mc150k_sin_base,tuya,1787612400,38865,37.8,1.001,0.3026,True,1,1.001,1
C3RfugybjxYDsJDYtooFf5WU5p5Mrhc6Q1xR2QGJpump,REF_dd70_mc150k_sin_base,solo_stop,1787612400,38865,37.8,1.001,0.3026,True,1,1.001,1
C3RfugybjxYDsJDYtooFf5WU5p5Mrhc6Q1xR2QGJpump,REF_dd70_mc150k_sin_base,trailing,1787612400,38865,37.8,1.001,0.3026,True,1,1.001,1
C3RfugybjxYDsJDYtooFf5WU5p5Mrhc6Q1xR2QGJpump,REF_dd70_mc150k_sin_base,escalonada,1787612400,38865,37.8,1.001,0.3026,True,1,1.001,1
C3RfugybjxYDsJDYtooFf5WU5p5Mrhc6Q1xR2QGJpump,REF_dd70_mc150k_sin_base,estructura,1787612400,38865,37.8,1.001,0.1088,True,18,1.001,1
C3RfugybjxYDsJDYtooFf5WU5p5Mrhc6Q1xR2QGJpump,REF_dd85_mc150k_sin_base,tuya,1787612400,38865,37.8,1.001,0.3026,True,1,1.001,1
C3RfugybjxYDsJDYtooFf5WU5p5Mrhc6Q1xR2QGJpump,REF_dd85_mc150k_sin_base,solo_stop,1787612400,38865,37.8,1.001,0.3026,True,1,1.001,1
C3RfugybjxYDsJDYtooFf5WU5p5Mrhc6Q1xR2QGJpump,REF_dd85_mc150k_sin_base,trailing,1787612400,38865,37.8,1.001,0.3026,True,1,1.001,1
C3RfugybjxYDsJDYtooFf5WU5p5Mrhc6Q1xR2QGJpump,REF_dd85_mc150k_sin_base,escalonada,1787612400,38865,37.8,1.001,0.3026,True,1,1.001,1
C3RfugybjxYDsJDYtooFf5WU5p5Mrhc6Q1xR2QGJpump,REF_dd85_mc150k_sin_base,estructura,1787612400,38865,37.8,1.001,0.1088,True,18,1.001,1
C3RfugybjxYDsJDYtooFf5WU5p5Mrhc6Q1xR2QGJpump,TIPO_SOAP_pico200k_dd75_mc50k_72h_base,tuya,1787961600,8225,33.8,1.53,0.8691,True,1,1.035,1
C3RfugybjxYDsJDYtooFf5WU5p5Mrhc6Q1xR2QGJpump,TIPO_SOAP_pico200k_dd75_mc50k_72h_base,solo_stop,1787961600,8225,33.8,1.53,0.8691,True,1,1.035,1
C3RfugybjxYDsJDYtooFf5WU5p5Mrhc6Q1xR2QGJpump,TIPO_SOAP_pico200k_dd75_mc50k_72h_base,trailing,1787961600,8225,33.8,1.53,0.8691,True,1,1.035,1
C3RfugybjxYDsJDYtooFf5WU5p5Mrhc6Q1xR2QGJpump,TIPO_SOAP_pico200k_dd75_mc50k_72h_base,escalonada,1787961600,8225,33.8,1.53,0.8691,True,1,1.035,1
C3RfugybjxYDsJDYtooFf5WU5p5Mrhc6Q1xR2QGJpump,TIPO_SOAP_pico200k_dd75_mc50k_72h_base,estructura,1787961600,8225,33.8,1.53,0.5141,True,13,1.035,1
C3RfugybjxYDsJDYtooFf5WU5p5Mrhc6Q1xR2QGJpump,TIPO_SOAP_pico200k_dd75_mc50k_72h_ruptura,tuya,1788030000,11862,33.0,1.061,0.6026,True,1,1.0,0
C3RfugybjxYDsJDYtooFf5WU5p5Mrhc6Q1xR2QGJpump,TIPO_SOAP_pico200k_dd75_mc50k_72h_ruptura,solo_stop,1788030000,11862,33.0,1.061,0.6026,True,1,1.0,0
C3RfugybjxYDsJDYtooFf5WU5p5Mrhc6Q1xR2QGJpump,TIPO_SOAP_pico200k_dd75_mc50k_72h_ruptura,trailing,1788030000,11862,33.0,1.061,0.6026,True,1,1.0,0
C3RfugybjxYDsJDYtooFf5WU5p5Mrhc6Q1xR2QGJpump,TIPO_SOAP_pico200k_dd75_mc50k_72h_ruptura,escalonada,1788030000,11862,33.0,1.061,0.6026,True,1,1.0,0
C3RfugybjxYDsJDYtooFf5WU5p5Mrhc6Q1xR2QGJpump,TIPO_SOAP_pico200k_dd75_mc50k_72h_ruptura,estructura,1788030000,11862,33.0,1.061,0.3564,True,13,1.0,0
